date,metric,value
2026-09-01,completed_registration,8
2026-09-02,completed_registration,8
2026-09-03,completed_registration,7
2026-09-04,completed_registration,8
2026-09-05,completed_registration,6
2026-09-06,completed_registration,6
2026-09-07,completed_registration,6
2026-09-08,completed_registration,6
2026-09-09,completed_registration,7
2026-09-10,completed_registration,6
2026-09-11,completed_registration,6
2026-09-12,completed_registration,5
2026-09-13,completed_registration,5
2026-09-14,completed_registration,7
