date,page,clicks,impressions,ctr,position
2026-08-01,https://www.example.test/calculator-impozit-micro/,3,259,0.0116,8.8
2026-08-02,https://www.example.test/calculator-impozit-micro/,3,252,0.0119,8.5
2026-08-03,https://www.example.test/calculator-impozit-micro/,4,327,0.0122,9
2026-08-04,https://www.example.test/calculator-impozit-micro/,4,337,0.0119,8.9
2026-08-05,https://www.example.test/calculator-impozit-micro/,4,335,0.0119,8.8
2026-08-06,https://www.example.test/calculator-impozit-micro/,4,287,0.0139,8.9
2026-08-07,https://www.example.test/calculator-impozit-micro/,4,340,0.0118,8.7
2026-08-08,https://www.example.test/calculator-impozit-micro/,3,258,0.0116,8.6
2026-08-09,https://www.example.test/calculator-impozit-micro/,3,285,0.0105,9
2026-08-10,https://www.example.test/calculator-impozit-micro/,4,323,0.0124,8.7
2026-08-11,https://www.example.test/calculator-impozit-micro/,4,315,0.0127,8.7
2026-08-12,https://www.example.test/calculator-impozit-micro/,4,283,0.0141,8.8
2026-08-13,https://www.example.test/calculator-impozit-micro/,4,309,0.0129,8.9
2026-08-14,https://www.example.test/calculator-impozit-micro/,4,321,0.0125,8.5
2026-08-15,https://www.example.test/calculator-impozit-micro/,3,247,0.0121,8.9
2026-08-16,https://www.example.test/calculator-impozit-micro/,3,271,0.0111,9
2026-08-17,https://www.example.test/calculator-impozit-micro/,3,338,0.0089,8.5
2026-08-18,https://www.example.test/calculator-impozit-micro/,3,287,0.0105,8.6
2026-08-19,https://www.example.test/calculator-impozit-micro/,3,291,0.0103,8.8
2026-08-20,https://www.example.test/calculator-impozit-micro/,3,308,0.0097,8.7
2026-08-21,https://www.example.test/calculator-impozit-micro/,3,310,0.0097,8.7
2026-08-22,https://www.example.test/calculator-impozit-micro/,2,285,0.0070,9
2026-08-23,https://www.example.test/calculator-impozit-micro/,2,275,0.0073,8.7
2026-08-24,https://www.example.test/calculator-impozit-micro/,3,292,0.0103,8.8
2026-08-25,https://www.example.test/calculator-impozit-micro/,3,305,0.0098,8.6
2026-08-26,https://www.example.test/calculator-impozit-micro/,3,338,0.0089,8.8
2026-08-27,https://www.example.test/calculator-impozit-micro/,3,336,0.0089,8.7
2026-08-28,https://www.example.test/calculator-impozit-micro/,3,286,0.0105,8.9
2026-08-29,https://www.example.test/calculator-impozit-micro/,5,273,0.0183,7.8
2026-08-30,https://www.example.test/calculator-impozit-micro/,6,244,0.0246,7.8
2026-08-31,https://www.example.test/calculator-impozit-micro/,9,323,0.0279,7.6
2026-09-01,https://www.example.test/calculator-impozit-micro/,9,345,0.0261,7.7
2026-09-02,https://www.example.test/calculator-impozit-micro/,9,337,0.0267,8
2026-09-03,https://www.example.test/calculator-impozit-micro/,8,308,0.0260,7.9
2026-09-04,https://www.example.test/calculator-impozit-micro/,10,319,0.0313,8
2026-09-05,https://www.example.test/calculator-impozit-micro/,6,278,0.0216,7.9
2026-09-06,https://www.example.test/calculator-impozit-micro/,6,249,0.0241,7.7
2026-09-07,https://www.example.test/calculator-impozit-micro/,9,338,0.0266,8.1
2026-09-08,https://www.example.test/calculator-impozit-micro/,9,337,0.0267,8.2
2026-09-09,https://www.example.test/calculator-impozit-micro/,9,351,0.0256,7.8
2026-09-10,https://www.example.test/calculator-impozit-micro/,9,338,0.0266,8.2
2026-09-11,https://www.example.test/calculator-impozit-micro/,8,298,0.0268,7.6
2026-09-12,https://www.example.test/calculator-impozit-micro/,6,286,0.0210,7.8
2026-09-13,https://www.example.test/calculator-impozit-micro/,6,285,0.0211,8
2026-09-14,https://www.example.test/calculator-impozit-micro/,8,295,0.0271,8.2
2026-09-15,https://www.example.test/calculator-impozit-micro/,7,307,0.0228,7.9
2026-09-16,https://www.example.test/calculator-impozit-micro/,8,294,0.0272,7.7
2026-09-17,https://www.example.test/calculator-impozit-micro/,8,292,0.0274,7.8
2026-09-18,https://www.example.test/calculator-impozit-micro/,7,341,0.0205,7.7
2026-09-19,https://www.example.test/calculator-impozit-micro/,4,291,0.0137,7.7
2026-09-20,https://www.example.test/calculator-impozit-micro/,5,268,0.0187,7.6
2026-09-21,https://www.example.test/calculator-impozit-micro/,7,346,0.0202,7.6
2026-09-22,https://www.example.test/calculator-impozit-micro/,7,299,0.0234,8
2026-09-23,https://www.example.test/calculator-impozit-micro/,7,342,0.0205,8.2
2026-09-24,https://www.example.test/calculator-impozit-micro/,8,353,0.0227,7.8
2026-09-25,https://www.example.test/calculator-impozit-micro/,8,343,0.0233,8.1
2026-08-01,https://www.example.test/blog/ghid-impozit-micro/,3,115,0.0261,5.2
2026-08-02,https://www.example.test/blog/ghid-impozit-micro/,3,111,0.0270,5
2026-08-03,https://www.example.test/blog/ghid-impozit-micro/,6,123,0.0488,5.1
2026-08-04,https://www.example.test/blog/ghid-impozit-micro/,5,132,0.0379,5.1
2026-08-05,https://www.example.test/blog/ghid-impozit-micro/,5,120,0.0417,5.1
2026-08-06,https://www.example.test/blog/ghid-impozit-micro/,5,125,0.0400,5.2
2026-08-07,https://www.example.test/blog/ghid-impozit-micro/,5,136,0.0368,5.1
2026-08-08,https://www.example.test/blog/ghid-impozit-micro/,4,102,0.0392,4.9
2026-08-09,https://www.example.test/blog/ghid-impozit-micro/,3,109,0.0275,5.2
2026-08-10,https://www.example.test/blog/ghid-impozit-micro/,5,115,0.0435,5.1
2026-08-11,https://www.example.test/blog/ghid-impozit-micro/,5,124,0.0403,5.3
2026-08-12,https://www.example.test/blog/ghid-impozit-micro/,5,121,0.0413,5.2
2026-08-13,https://www.example.test/blog/ghid-impozit-micro/,5,127,0.0394,5
2026-08-14,https://www.example.test/blog/ghid-impozit-micro/,5,121,0.0413,5
2026-08-15,https://www.example.test/blog/ghid-impozit-micro/,3,94,0.0319,5
2026-08-16,https://www.example.test/blog/ghid-impozit-micro/,3,96,0.0313,5.1
2026-08-17,https://www.example.test/blog/ghid-impozit-micro/,4,136,0.0294,5.1
2026-08-18,https://www.example.test/blog/ghid-impozit-micro/,4,133,0.0301,5.1
2026-08-19,https://www.example.test/blog/ghid-impozit-micro/,4,115,0.0348,4.9
2026-08-20,https://www.example.test/blog/ghid-impozit-micro/,4,129,0.0310,5.3
2026-08-21,https://www.example.test/blog/ghid-impozit-micro/,4,136,0.0294,5.3
2026-08-22,https://www.example.test/blog/ghid-impozit-micro/,2,99,0.0202,5.4
2026-08-23,https://www.example.test/blog/ghid-impozit-micro/,2,102,0.0196,5.2
2026-08-24,https://www.example.test/blog/ghid-impozit-micro/,4,118,0.0339,5.3
2026-08-25,https://www.example.test/blog/ghid-impozit-micro/,4,133,0.0301,5.1
2026-08-26,https://www.example.test/blog/ghid-impozit-micro/,4,131,0.0305,4.9
2026-08-27,https://www.example.test/blog/ghid-impozit-micro/,4,135,0.0296,5.1
2026-08-28,https://www.example.test/blog/ghid-impozit-micro/,4,122,0.0328,5.3
2026-08-29,https://www.example.test/blog/ghid-impozit-micro/,4,118,0.0339,5.1
2026-08-30,https://www.example.test/blog/ghid-impozit-micro/,3,119,0.0252,4.9
2026-08-31,https://www.example.test/blog/ghid-impozit-micro/,5,122,0.0410,4.8
2026-09-01,https://www.example.test/blog/ghid-impozit-micro/,5,129,0.0388,4.7
2026-09-02,https://www.example.test/blog/ghid-impozit-micro/,5,124,0.0403,5
2026-09-03,https://www.example.test/blog/ghid-impozit-micro/,5,119,0.0420,5.2
2026-09-04,https://www.example.test/blog/ghid-impozit-micro/,5,125,0.0400,5.1
2026-09-05,https://www.example.test/blog/ghid-impozit-micro/,3,101,0.0297,4.8
2026-09-06,https://www.example.test/blog/ghid-impozit-micro/,4,119,0.0336,5.1
2026-09-07,https://www.example.test/blog/ghid-impozit-micro/,5,119,0.0420,5.2
2026-09-08,https://www.example.test/blog/ghid-impozit-micro/,5,138,0.0362,5.1
2026-09-09,https://www.example.test/blog/ghid-impozit-micro/,5,123,0.0407,5
2026-09-10,https://www.example.test/blog/ghid-impozit-micro/,5,135,0.0370,4.9
2026-09-11,https://www.example.test/blog/ghid-impozit-micro/,5,133,0.0376,4.8
2026-09-12,https://www.example.test/blog/ghid-impozit-micro/,2,108,0.0185,4.7
2026-09-13,https://www.example.test/blog/ghid-impozit-micro/,2,106,0.0189,5.1
2026-09-14,https://www.example.test/blog/ghid-impozit-micro/,4,140,0.0286,5.2
2026-09-15,https://www.example.test/blog/ghid-impozit-micro/,4,128,0.0313,5.2
2026-09-16,https://www.example.test/blog/ghid-impozit-micro/,4,122,0.0328,5.2
2026-09-17,https://www.example.test/blog/ghid-impozit-micro/,4,124,0.0323,4.8
2026-09-18,https://www.example.test/blog/ghid-impozit-micro/,4,119,0.0336,5.2
2026-09-19,https://www.example.test/blog/ghid-impozit-micro/,2,108,0.0185,5.1
2026-09-20,https://www.example.test/blog/ghid-impozit-micro/,2,98,0.0204,4.8
2026-09-21,https://www.example.test/blog/ghid-impozit-micro/,4,142,0.0282,4.8
2026-09-22,https://www.example.test/blog/ghid-impozit-micro/,4,117,0.0342,4.9
2026-09-23,https://www.example.test/blog/ghid-impozit-micro/,4,123,0.0325,4.9
2026-09-24,https://www.example.test/blog/ghid-impozit-micro/,4,132,0.0303,5.3
2026-09-25,https://www.example.test/blog/ghid-impozit-micro/,4,129,0.0310,4.9
2026-08-01,https://www.example.test/impozit-micro-2026/,1,69,0.0145,11.5
2026-08-02,https://www.example.test/impozit-micro-2026/,1,77,0.0130,11.6
2026-08-03,https://www.example.test/impozit-micro-2026/,2,83,0.0241,11.3
2026-08-04,https://www.example.test/impozit-micro-2026/,2,78,0.0256,11.1
2026-08-05,https://www.example.test/impozit-micro-2026/,2,89,0.0225,11.6
2026-08-06,https://www.example.test/impozit-micro-2026/,1,79,0.0127,11.7
2026-08-07,https://www.example.test/impozit-micro-2026/,2,87,0.0230,11.4
2026-08-08,https://www.example.test/impozit-micro-2026/,1,67,0.0149,11.2
2026-08-09,https://www.example.test/impozit-micro-2026/,1,66,0.0152,11.2
2026-08-10,https://www.example.test/impozit-micro-2026/,2,78,0.0256,11.5
2026-08-11,https://www.example.test/impozit-micro-2026/,1,92,0.0109,11.5
2026-08-12,https://www.example.test/impozit-micro-2026/,1,82,0.0122,11.3
2026-08-13,https://www.example.test/impozit-micro-2026/,2,85,0.0235,11.4
2026-08-14,https://www.example.test/impozit-micro-2026/,2,91,0.0220,11.7
2026-08-15,https://www.example.test/impozit-micro-2026/,1,69,0.0145,11.7
2026-08-16,https://www.example.test/impozit-micro-2026/,0,76,0.0000,11.5
2026-08-17,https://www.example.test/impozit-micro-2026/,0,78,0.0000,11.5
2026-08-18,https://www.example.test/impozit-micro-2026/,1,90,0.0111,11.5
2026-08-19,https://www.example.test/impozit-micro-2026/,0,85,0.0000,11.5
2026-08-20,https://www.example.test/impozit-micro-2026/,0,81,0.0000,11.2
2026-08-21,https://www.example.test/impozit-micro-2026/,0,86,0.0000,11.4
2026-08-22,https://www.example.test/impozit-micro-2026/,0,70,0.0000,11.5
2026-08-23,https://www.example.test/impozit-micro-2026/,0,67,0.0000,11.3
2026-08-24,https://www.example.test/impozit-micro-2026/,1,86,0.0116,11.1
2026-08-25,https://www.example.test/impozit-micro-2026/,0,79,0.0000,11.5
2026-08-26,https://www.example.test/impozit-micro-2026/,1,88,0.0114,11.6
2026-08-27,https://www.example.test/impozit-micro-2026/,0,78,0.0000,11.2
2026-08-28,https://www.example.test/impozit-micro-2026/,0,84,0.0000,11.4
2026-08-29,https://www.example.test/impozit-micro-2026/,1,65,0.0154,11.7
2026-08-30,https://www.example.test/impozit-micro-2026/,1,69,0.0145,12.2
2026-08-31,https://www.example.test/impozit-micro-2026/,1,81,0.0123,11.9
2026-09-01,https://www.example.test/impozit-micro-2026/,1,83,0.0120,11.7
2026-09-02,https://www.example.test/impozit-micro-2026/,1,81,0.0123,11.6
2026-09-03,https://www.example.test/impozit-micro-2026/,1,85,0.0118,11.7
2026-09-04,https://www.example.test/impozit-micro-2026/,1,75,0.0133,12.2
2026-09-05,https://www.example.test/impozit-micro-2026/,1,62,0.0161,11.6
2026-09-06,https://www.example.test/impozit-micro-2026/,1,71,0.0141,11.9
2026-09-07,https://www.example.test/impozit-micro-2026/,1,87,0.0115,11.8
2026-09-08,https://www.example.test/impozit-micro-2026/,1,79,0.0127,11.6
2026-09-09,https://www.example.test/impozit-micro-2026/,1,88,0.0114,12
2026-09-10,https://www.example.test/impozit-micro-2026/,1,84,0.0119,12.1
2026-09-11,https://www.example.test/impozit-micro-2026/,1,85,0.0118,11.9
2026-09-12,https://www.example.test/impozit-micro-2026/,1,66,0.0152,11.7
2026-09-13,https://www.example.test/impozit-micro-2026/,1,61,0.0164,11.8
2026-09-14,https://www.example.test/impozit-micro-2026/,1,73,0.0137,11.7
2026-09-15,https://www.example.test/impozit-micro-2026/,1,86,0.0116,12
2026-09-16,https://www.example.test/impozit-micro-2026/,1,81,0.0123,11.7
2026-09-17,https://www.example.test/impozit-micro-2026/,1,82,0.0122,12
2026-09-18,https://www.example.test/impozit-micro-2026/,1,73,0.0137,11.8
2026-09-19,https://www.example.test/impozit-micro-2026/,0,64,0.0000,12.1
2026-09-20,https://www.example.test/impozit-micro-2026/,0,72,0.0000,11.7
2026-09-21,https://www.example.test/impozit-micro-2026/,0,82,0.0000,11.7
2026-09-22,https://www.example.test/impozit-micro-2026/,0,82,0.0000,12.2
2026-09-23,https://www.example.test/impozit-micro-2026/,0,77,0.0000,12.1
2026-09-24,https://www.example.test/impozit-micro-2026/,0,79,0.0000,11.8
2026-09-25,https://www.example.test/impozit-micro-2026/,0,77,0.0000,11.8
