date,clicks,impressions,ctr,position
2026-08-01,39,1358,0.0287,12.14
2026-08-02,44,1354,0.0325,12.10
2026-08-03,43,1497,0.0287,12.03
2026-08-04,43,1515,0.0284,11.94
2026-08-05,47,1490,0.0315,11.97
2026-08-06,46,1411,0.0326,12.05
2026-08-07,42,1582,0.0265,11.95
2026-08-08,45,1332,0.0338,12.12
2026-08-09,38,1397,0.0272,12.16
2026-08-10,46,1459,0.0315,11.99
2026-08-11,46,1483,0.0310,11.99
2026-08-12,40,1492,0.0268,12.15
2026-08-13,47,1514,0.0310,12.06
2026-08-14,41,1462,0.0280,11.90
2026-08-15,44,1376,0.0320,12.35
2026-08-16,37,1356,0.0273,12.23
2026-08-17,41,1456,0.0282,11.76
2026-08-18,42,1524,0.0276,12.06
2026-08-19,38,1432,0.0265,12.06
2026-08-20,38,1477,0.0257,11.98
2026-08-21,42,1478,0.0284,11.94
2026-08-22,35,1458,0.0240,12.32
2026-08-23,39,1360,0.0287,12.14
2026-08-24,45,1463,0.0308,12.09
2026-08-25,44,1434,0.0307,11.89
2026-08-26,38,1487,0.0256,11.87
2026-08-27,40,1532,0.0261,11.91
2026-08-28,40,1438,0.0278,12.10
2026-08-29,43,1468,0.0293,12.03
2026-08-30,47,1370,0.0343,12.01
2026-08-31,52,1491,0.0349,11.75
2026-09-01,51,1522,0.0335,11.66
2026-09-02,52,1518,0.0343,11.80
2026-09-03,47,1443,0.0326,11.84
2026-09-04,49,1514,0.0324,11.91
2026-09-05,42,1445,0.0291,12.08
2026-09-06,46,1376,0.0334,11.98
2026-09-07,45,1534,0.0293,11.89
2026-09-08,50,1541,0.0324,11.81
2026-09-09,50,1574,0.0318,11.80
2026-09-10,50,1496,0.0334,11.76
2026-09-11,45,1433,0.0314,11.69
2026-09-12,46,1452,0.0317,11.98
2026-09-13,39,1411,0.0276,12.02
2026-09-14,48,1527,0.0314,11.96
2026-09-15,47,1540,0.0305,11.94
2026-09-16,49,1483,0.0330,11.90
2026-09-17,49,1454,0.0337,11.86
2026-09-18,43,1487,0.0289,11.74
2026-09-19,43,1408,0.0305,11.93
2026-09-20,42,1450,0.0290,12.08
2026-09-21,42,1524,0.0276,11.57
2026-09-22,41,1510,0.0272,12.01
2026-09-23,45,1553,0.0290,11.91
2026-09-24,42,1551,0.0271,11.74
2026-09-25,44,1454,0.0303,11.68
